id,start_timestamp,duration,start_frame_index,end_frame_index,norm_pos_x,norm_pos_y,dispersion,confidence,method,gaze_point_3d_x,gaze_point_3d_y,gaze_point_3d_z,base_data
1,-453447.61389700003,147.33700000215322,1,4,0.5324421857387553,0.5325059702775202,0.977682779298284,0.901877225247886,3d gaze,714.5250167934694,-536.930416352778,14305.434603476915,-453447.61389700003 -453447.609977 -453447.594362 -453447.587476 -453447.581194 -453447.57701300003 -453447.570601 -453447.55869000003 -453447.548843 -453447.543169 -453447.53516100004 -453447.52711100003 -453447.51874 -453447.511146 -453447.50308 -453447.495121 -453447.485339 -453447.475139 -453447.46656000003
2,-453447.44277200004,87.62549998937175,5,8,0.5412260653869432,0.5341796001541008,0.9444189617158469,0.8334269205647017,3d gaze,1404.180648605052,-847.7436459603462,22186.452205027763,-453447.44277200004 -453447.43514300004 -453447.426985 -453447.418061 -453447.403126 -453447.3991345 -453447.39306150004 -453447.38905600004 -453447.384599 -453447.38056950003 -453447.37711700005 -453447.3730315 -453447.3650635 -453447.3598675 -453447.35514650005
3,-453446.702508,83.53800000622869,24,27,0.5097575193072971,0.5377855054775275,1.3473316126455623,0.8725016015373772,3d gaze,20.716232875369883,-60.16439287590702,1378.9416206232054,-453446.702508 -453446.695022 -453446.686952 -453446.679213 -453446.671193 -453446.662934 -453446.650004 -453446.645363 -453446.635161 -453446.62717600004 -453446.61897
4,-453446.411192,120.1289999880828,33,37,0.5129969934646817,0.4793929819074813,0.9028789448304557,0.8507739990053513,3d gaze,42.554100906919345,50.6017451700275,2126.6091166236224,-453446.411192 -453446.403102 -453446.395075 -453446.382853 -453446.3751 -453446.366715 -453446.359075 -453446.35094800004 -453446.342912 -453446.335161 -453446.326827 -453446.318938 -453446.311179 -453446.29915100004 -453446.29106300004
5,-453446.215205,85.38900001440197,39,41,0.5106025656092239,0.46705694565938605,0.45689167168720984,0.8563569782298647,3d gaze,22.911225541305658,53.390248740604015,1403.5534733095424,-453446.215205 -453446.20718 -453446.19894000003 -453446.190804 -453446.18321 -453446.175032 -453446.167126 -453446.159048 -453446.151084 -453446.14306000003 -453446.129816
6,-453446.1064865,81.56149997375906,42,44,0.47525062007734437,0.46842722966265443,0.9822985333792603,0.8558255201940613,3d gaze,48.33675052565239,-46.40444119084364,-1276.999119953407,-453446.1064865 -453446.10228600004 -453446.097998 -453446.094436 -453446.09108150005 -453446.087127 -453446.0831325 -453446.079143 -453446.075222 -453446.0712125 -453446.067218 -453446.062733 -453446.0582625 -453446.0526365 -453446.04882300005 -453446.0449885 -453446.040957 -453446.03695850004 -453446.032838 -453446.0288105 -453446.02492500003
7,-453445.5318345,92.28400001302361,59,62,0.49371683630702257,0.6039502908674115,1.007298308133037,0.895971322789036,3d gaze,43.75059250604206,617.6569087340035,-5133.443085033974,-453445.5318345 -453445.52527850005 -453445.52337400004 -453445.52112600004 -453445.51717500004 -453445.513134 -453445.50691600004 -453445.502784 -453445.495491 -453445.488221 -453445.484231 -453445.48023800005 -453445.4784695 -453445.47675750003 -453445.47384600004 -453445.470988 -453445.466931 -453445.4607935 -453445.4564455 -453445.45176950004 -453445.4481435 -453445.4434875 -453445.4395505
8,-453445.43447000004,99.26400001859292,62,65,0.5015963808510822,0.583344946274585,0.78819833717218,0.9016605448942894,3d gaze,7.67737862495975,-300.55033638409293,3123.0199965169313,-453445.43447000004 -453445.425759 -453445.418862 -453445.411115 -453445.403019 -453445.395067 -453445.38708300004 -453445.375034 -453445.36713800003 -453445.35904400004 -453445.35110900004 -453445.343087 -453445.335206
9,-453443.61501249997,114.19899994507432,117,120,0.542121117616919,0.5423910534511662,0.9034795296933867,0.8256824468318688,3d gaze,52.02979931222509,-39.436027673303194,804.3628915403102,-453443.61501249997 -453443.6090045 -453443.6049995 -453443.6001635 -453443.596133 -453443.593018 -453443.588964 -453443.5849715 -453443.581008 -453443.574588 -453443.570171 -453443.56613000005 -453443.56207750004 -453443.5586115 -453443.555162 -453443.5512045 -453443.54724700004 -453443.54316400003 -453443.539088 -453443.530451 -453443.52087300003 -453443.51776300004 -453443.514993 -453443.5129355 -453443.5108075 -453443.5077005 -453443.5040455 -453443.5008135
10,-453443.41987650003,105.49650003667921,122,126,0.4797096108534217,0.5831947367759791,0.8539372947756231,0.7806037142676284,3d gaze,-269.5427806097274,-779.4711500453601,8129.297104348285,-453443.41987650003 -453443.4159905 -453443.41272900003 -453443.4072115 -453443.4032095 -453443.399144 -453443.395091 -453443.3909425 -453443.3867785 -453443.38079950004 -453443.3748355 -453443.37298900005 -453443.37082 -453443.3668075 -453443.3611465 -453443.3571925 -453443.352121 -453443.3480865 -453443.34511700005 -453443.341074 -453443.337085 -453443.33312900004 -453443.3288825 -453443.3228935 -453443.31917200005 -453443.31438
11,-453442.63563200005,88.81550002843142,147,149,0.6498238055029857,0.6164365577341211,1.3810222154561986,0.8131846773376468,3d gaze,84.2819102967488,-49.156500906664476,365.7218909061645,-453442.63563200005 -453442.63362750004 -453442.63120500004 -453442.62714650005 -453442.6230735 -453442.61910949997 -453442.61515900004 -453442.6110845 -453442.6049745 -453442.601029 -453442.5971555 -453442.59308150003 -453442.589014 -453442.581012 -453442.57491900004 -453442.572039 -453442.5690165 -453442.56595150003 -453442.563075 -453442.55900450004 -453442.55507450004 -453442.55087700003 -453442.5468165
12,-453442.50881800003,159.97850004350767,150,155,0.5968587100707888,0.687206391358807,1.0903607252616405,0.866124858845527,3d gaze,78.16891183107364,-113.26353514442309,524.2887716598804,-453442.50881800003 -453442.5032425 -453442.494953 -453442.4923585 -453442.4884965 -453442.4830015 -453442.4791985 -453442.475193 -453442.4711795 -453442.4670845 -453442.46299050003 -453442.458568 -453442.4541285 -453442.449841 -453442.4462585 -453442.440209 -453442.4368005 -453442.432317 -453442.4283035 -453442.4219745 -453442.4171365 -453442.41389850003 -453442.411096 -453442.407382 -453442.403649 -453442.39913150005 -453442.395068 -453442.3907255 -453442.38638000004 -453442.38203850004 -453442.3772175 -453442.373881 -453442.37105 -453442.3671235 -453442.3632205 -453442.35887500003 -453442.35257550003 -453442.3488395
13,-453441.4168945,83.68899999186397,183,185,0.5693495536320143,0.5926261960521482,1.451062195601122,0.8227354621503136,3d gaze,90.12855631805563,-90.71489061915847,849.4978336925521,-453441.4168945 -453441.4128205 -453441.40712800005 -453441.4034765 -453441.39520100004 -453441.39115050004 -453441.387212 -453441.38323200005 -453441.379269 -453441.37522600003 -453441.37118250004 -453441.366375 -453441.3615735 -453441.358363 -453441.3551705 -453441.34714050003 -453441.3410380001 -453441.33718250005 -453441.33320550004
14,-453441.22311,155.99400002975017,188,193,0.49303797175425484,0.6011117449318336,0.8988440458538873,0.8355201020282333,3d gaze,-11.866924461022512,-129.2622004034085,1107.1385287670416,-453441.22311 -453441.2186 -453441.210417 -453441.203208 -453441.195169 -453441.18722200004 -453441.17407 -453441.166501 -453441.15901400003 -453441.150933 -453441.143232 -453441.13517 -453441.127194 -453441.11453 -453441.11108500004 -453441.103044 -453441.091199 -453441.08267800004 -453441.074987 -453441.067116
15,-453440.9708025,203.8665000582114,196,202,0.5287150450411084,0.5896551953473262,0.9577135771201627,0.86033652612728,3d gaze,72.197877604304,-169.72418638370746,1639.5995874856767,-453440.9708025 -453440.967071 -453440.9631165 -453440.9591725 -453440.95519999997 -453440.951237 -453440.94719900005 -453440.9431725 -453440.93916300003 -453440.93512700003 -453440.92914950004 -453440.9251425 -453440.9211545 -453440.91709 -453440.91305 -453440.9080605 -453440.903874 -453440.9008685 -453440.8970925 -453440.89301900007 -453440.88708300004 -453440.88322200003 -453440.8791305 -453440.875084 -453440.871146 -453440.867247 -453440.86314250005 -453440.859039 -453440.855107 -453440.851195 -453440.84702750004 -453440.83949250006 -453440.835553 -453440.8317865 -453440.827775 -453440.82487350004 -453440.82091999997 -453440.8170035 -453440.8128835 -453440.8089775 -453440.803053 -453440.798977 -453440.7950695 -453440.7911675 -453440.78712650004 -453440.7831035 -453440.779123 -453440.77518700005 -453440.7710695 -453440.76693599997
16,-453440.729144,138.33200000226498,204,208,0.4789170435915218,0.6473628118901164,1.028054193851596,0.8587657373581591,3d gaze,-94.75784845420571,-496.4715436957995,2919.493643228473,-453440.729144 -453440.72447500005 -453440.7187675 -453440.7143495 -453440.71079200006 -453440.70723450003 -453440.70314 -453440.6990435 -453440.69489399996 -453440.69076200004 -453440.68694549997 -453440.683167 -453440.679093 -453440.67304100003 -453440.6689485 -453440.6648915 -453440.66081000003 -453440.6568625 -453440.6528585 -453440.64732800005 -453440.64354 -453440.64106000005 -453440.635077 -453440.63114400004 -453440.6262675 -453440.621389 -453440.6180925 -453440.61479200004 -453440.61089899996 -453440.607015 -453440.603006 -453440.5988575 -453440.590812
17,-453440.507028,91.90499997930601,210,212,0.36173339949354805,0.5492159491134431,0.8781633449510337,0.9795082452397813,3d gaze,-265.12094788991476,-70.77872383338806,1245.4362948701582,-453440.507028 -453440.49872100004 -453440.490225 -453440.483086 -453440.474508 -453440.463192 -453440.453847 -453440.44699200004 -453440.438678 -453440.43106900004 -453440.422771 -453440.41512300004
18,-453440.34025400004,95.10150004643947,215,218,0.3659735826514694,0.5291700911960068,1.4873904771807955,0.799637173857278,3d gaze,145.78416695358624,24.176254956179587,-708.112327917171,-453440.34025400004 -453440.33511800005 -453440.332407 -453440.3291805 -453440.3251075 -453440.32107199996 -453440.316768 -453440.3128585 -453440.309243 -453440.3052045 -453440.29914450005 -453440.29512350005 -453440.2911455 -453440.2871705 -453440.28310700005 -453440.279044 -453440.274903 -453440.270764 -453440.2665815 -453440.2623995 -453440.2568025 -453440.2531575 -453440.2491595 -453440.2451525
19,-453440.23306800006,84.12800007499754,218,221,0.38617693334548303,0.534962897511718,1.3995851111085962,0.8446885232868947,3d gaze,141.7214629960463,32.75024760757525,-809.9103870485485,-453440.23306800006 -453440.22902950004 -453440.21903100004 -453440.21505650005 -453440.2110755 -453440.20644750004 -453440.20184650004 -453440.1984775 -453440.19511850004 -453440.19112800003 -453440.18714550004 -453440.1825635 -453440.177982 -453440.174548 -453440.169048 -453440.1639835 -453440.16006 -453440.156541 -453440.15251750004 -453440.14894
20,-453440.095033,83.88900000136346,222,225,0.44217655676116635,0.560747911356541,0.7189598934578105,0.8247729072027408,3d gaze,-84.42761321739074,-66.52289240577528,948.3681019450094,-453440.095033 -453440.08321400004 -453440.075121 -453440.06705 -453440.05767400004 -453440.051194 -453440.04323300003 -453440.035185 -453440.027186 -453440.018716 -453440.011144
21,-453439.901082,88.05999998003244,228,231,0.32430976355171814,0.4746123996486062,1.1787602740966137,0.8542388279892001,3d gaze,128.16823250150472,-13.875426823447468,-474.50170295593233,-453439.901082 -453439.8967535 -453439.89304550004 -453439.88885900006 -453439.88479650003 -453439.878955 -453439.8749385 -453439.8709955 -453439.867059 -453439.863088 -453439.8591385 -453439.85513599997 -453439.85115 -453439.846822 -453439.8424995 -453439.83645400003 -453439.832592 -453439.8287615 -453439.8250505 -453439.8209485 -453439.8169435 -453439.813022
22,-453439.67906900006,130.0895000458695,235,239,0.5017750279125558,0.5229481464964971,0.6113093332973819,0.7700497312673196,3d gaze,10.601166724147342,-172.1371590223287,6544.947327779852,-453439.67906900006 -453439.6751305 -453439.67114 -453439.6648965 -453439.660708 -453439.656734 -453439.652583 -453439.648068 -453439.6444075 -453439.641068 -453439.636958 -453439.6329825 -453439.627097 -453439.62316300004 -453439.6191475 -453439.6151265 -453439.61081700004 -453439.606518 -453439.602587 -453439.59866250004 -453439.59493200004 -453439.59120250004 -453439.58716900006 -453439.5811405 -453439.57702850003 -453439.57296950003 -453439.56905050005 -453439.5650815 -453439.56091600005 -453439.556394 -453439.552515 -453439.5489795
23,-453439.50721300003,140.0959999882616,240,244,0.6058899249041004,0.5988598983215659,1.3121448864229974,0.7992154033157455,3d gaze,103.41999345205174,-72.63937264819042,636.0693585200889,-453439.50721300003 -453439.495003 -453439.4801885 -453439.4761765 -453439.472108 -453439.46909250005 -453439.4634455 -453439.45716550003 -453439.454081 -453439.4502655 -453439.4469145 -453439.43902150006 -453439.4351755 -453439.431128 -453439.4271795 -453439.423234 -453439.41715650004 -453439.4125255 -453439.4089025 -453439.404921 -453439.4010615 -453439.39703500003 -453439.391359 -453439.38743450004 -453439.38517300005 -453439.381149 -453439.3711565 -453439.36711700005
24,-453439.13311450003,110.99000001559034,251,254,0.6569584564515353,0.6853409036976025,1.076112896294575,0.7972531500160532,3d gaze,135.09908657172295,-119.66898018175137,559.274994144466,-453439.13311450003 -453439.128756 -453439.122739 -453439.1191465 -453439.115025 -453439.110912 -453439.1070695 -453439.103226 -453439.0991575 -453439.0950925 -453439.0910455 -453439.0870085 -453439.08065150003 -453439.07660150004 -453439.07258050004 -453439.06891649996 -453439.0650755 -453439.060684 -453439.056629 -453439.05305550003 -453439.049102 -453439.045161 -453439.03919599997 -453439.0352325 -453439.031203 -453439.027174 -453439.0221245
25,-453438.97247050004,217.66199998091906,256,263,0.5239247575174198,0.5995067471971324,0.7688996922184556,0.830239986730337,3d gaze,50.217091516918046,-156.69225862421968,1362.87317979641,-453438.97247050004 -453438.968213 -453438.9660385 -453438.9630715 -453438.95993250003 -453438.9551685 -453438.95114300004 -453438.9471655 -453438.943201 -453438.93897 -453438.934765 -453438.9309445 -453438.92714200006 -453438.92314950004 -453438.91907299997 -453438.91309000005 -453438.909123 -453438.90514050005 -453438.9008875 -453438.89687399997 -453438.893086 -453438.8890965 -453438.885121 -453438.881176 -453438.8769125 -453438.87086150004 -453438.86716250004 -453438.863098 -453438.859107 -453438.855188 -453438.85126900004 -453438.84719850007 -453438.84312950005 -453438.83907950006 -453438.83504700003 -453438.8310455 -453438.82503350003 -453438.82094700006 -453438.81628300005 -453438.8123955 -453438.808724 -453438.804659 -453438.801061 -453438.79682000005 -453438.79281600006 -453438.78710350004 -453438.78308950004 -453438.7790275 -453438.774995 -453438.77099550003 -453438.7627035 -453438.758396 -453438.75480850006
26,-453438.75121250004,94.93999998085201,263,265,0.5223436144029876,0.6000007523915888,0.7813178130173007,0.846779944614977,3d gaze,55.94886835026846,-187.4851984681712,1622.8393609555583,-453438.75121250004 -453438.7471725 -453438.74089450005 -453438.73687799997 -453438.7329565 -453438.728942 -453438.725081 -453438.721075 -453438.71675500006 -453438.71276200004 -453438.70912 -453438.70311850007 -453438.6990845 -453438.69287350005 -453438.68666600005 -453438.6833565 -453438.68004450004 -453438.6775305 -453438.674997 -453438.67102 -453438.6670675 -453438.6609685 -453438.65627250005
27,-453438.648927,122.0084999804385,266,270,0.5333145020623721,0.6290994737918066,1.3426157910411556,0.8527888477741832,3d gaze,70.02113490033797,-203.6803462698123,1366.6964627656685,-453438.648927 -453438.6448915 -453438.64107700007 -453438.6328595 -453438.62883400003 -453438.6247685 -453438.61910350004 -453438.6152185 -453438.611191 -453438.607171 -453438.603162 -453438.5991505 -453438.5951505 -453438.5911605 -453438.58718200005 -453438.583211 -453438.57721400005 -453438.572958 -453438.56898950005 -453438.56486000004 -453438.5610715 -453438.5571425 -453438.5528765 -453438.54882 -453438.54509200004 -453438.5401875 -453438.53391 -453438.5306515 -453438.5269185
28,-453438.484421,217.22449996741489,271,277,0.4008630278703975,0.6280927122296348,1.1700574212685984,0.793716304385212,3d gaze,586.4565283636325,564.7971474336707,-3830.12222317504,-453438.484421 -453438.4803495 -453438.47702650004 -453438.472957 -453438.4689175 -453438.465095 -453438.461076 -453438.456944 -453438.4503095 -453438.445666 -453438.4412915 -453438.43751 -453438.4340715 -453438.43120700005 -453438.427127 -453438.423052 -453438.4191395 -453438.41522 -453438.411212 -453438.405149 -453438.3998985 -453438.39454300003 -453438.391703 -453438.3890475 -453438.38503650005 -453438.38089850004 -453438.37686200003 -453438.37092300004 -453438.364985 -453438.3630295 -453438.3590825 -453438.35516150005 -453438.35118700005 -453438.34721700003 -453438.343199 -453438.3391805 -453438.335175 -453438.3311695 -453438.327134 -453438.32111950003 -453438.31710900005 -453438.312937 -453438.308939 -453438.30481700005 -453438.30073950003 -453438.29692500003 -453438.29219350003 -453438.2882325 -453438.2831095 -453438.279218 -453438.2752215 -453438.27122450003 -453438.26719650003
29,-453438.171022,83.99700000882149,280,283,0.4741417788932674,0.5931357623133278,1.2791946038194733,0.7392752363687518,3d gaze,-109.78780605688856,-288.6970760093323,2698.688048188879,-453438.171022 -453438.1549985 -453438.14911750006 -453438.14512600005 -453438.143132 -453438.134939 -453438.127188 -453438.118464 -453438.111102 -453438.10278200003 -453438.09519 -453438.087025
30,-453438.019239,130.17299998318776,285,289,0.4532132824495074,0.4710917753710312,1.4538170825674894,0.8442110473806459,3d gaze,1011.2616039767245,-454.6491379054256,-13893.557646889383,-453438.019239 -453438.0152255 -453438.01117300004 -453438.003121 -453437.99884250003 -453437.9951095 -453437.989127 -453437.985171 -453437.97896750004 -453437.97470300004 -453437.97178150003 -453437.9680425 -453437.9610735 -453437.956935 -453437.95307050005 -453437.9471485 -453437.9431695 -453437.939149 -453437.9351285 -453437.9309655 -453437.92681950005 -453437.922956 -453437.9191055 -453437.91389 -453437.908676 -453437.90587550006 -453437.90098450007 -453437.893042 -453437.889066
31,-453437.491149,122.3434999701567,301,304,0.6025610887592773,0.6634629679415929,1.2663840436451055,0.8405070833692988,3d gaze,98.96378711362561,-118.52236075348628,628.0645268278334,-453437.491149 -453437.4870165 -453437.48112949997 -453437.477051 -453437.473028 -453437.46517950005 -453437.46112700005 -453437.45704350004 -453437.4468085 -453437.44280950003 -453437.4387515 -453437.432929 -453437.42712400004 -453437.42450950004 -453437.422469 -453437.4185185 -453437.4151185 -453437.4111695 -453437.4072265 -453437.40316850005 -453437.39714200003 -453437.39296900004 -453437.388929 -453437.3850835 -453437.3809445 -453437.37682400004 -453437.37295850005 -453437.36880550004
32,-453437.35896650003,103.859500028193,304,307,0.608481535612838,0.700458823663851,1.2703610207203373,0.904389429176873,3d gaze,104.74276907683705,-145.29931218816816,627.2444990561261,-453437.35896650003 -453437.355135 -453437.350015 -453437.344898 -453437.339041 -453437.33108900004 -453437.322421 -453437.311065 -453437.303174 -453437.29478 -453437.287136 -453437.279228 -453437.27118800004 -453437.262512 -453437.255107
33,-453437.04084050003,84.29100003559142,314,316,0.515521544705371,0.6729233329066671,1.498689979151827,0.8332167723583295,3d gaze,36.3456774016967,-315.00212271234244,1579.7874650183858,-453437.04084050003 -453437.03712550004 -453437.0330425 -453437.028878 -453437.0228685 -453437.018929 -453437.0149705 -453437.01101650007 -453437.0069885 -453437.00296300004 -453436.998805 -453436.9946115 -453436.990844 -453436.9871135 -453436.983155 -453436.9771775 -453436.9731515 -453436.969143 -453436.96513500006 -453436.9609405 -453436.9565495
34,-453436.9527185,217.90250000776723,316,323,0.5053922402525094,0.6690828052504124,0.49540889488870676,0.8995263033408758,3d gaze,15.665362263261127,-369.1582636953491,1890.6492949986425,-453436.9527185 -453436.94718200003 -453436.9432115 -453436.9388685 -453436.9344905 -453436.93073100003 -453436.92707800004 -453436.923082 -453436.919096 -453436.914806 -453436.9105125 -453436.9068125 -453436.9031035 -453436.89905650006 -453436.89306150004 -453436.88911 -453436.885151 -453436.881082 -453436.8770705 -453436.8730875 -453436.869075 -453436.86484449997 -453436.8607695 -453436.853909 -453436.848803 -453436.84455050004 -453436.840367 -453436.83741150005 -453436.8343335 -453436.8306005 -453436.827011 -453436.8230925 -453436.819192 -453436.8152 -453436.80908100004 -453436.805027 -453436.80103900004 -453436.795996 -453436.792068 -453436.7890955 -453436.78461900004 -453436.780633 -453436.77675950003 -453436.7708065 -453436.767192 -453436.76321 -453436.759228 -453436.7551685 -453436.75110500003 -453436.7470355 -453436.74295950006 -453436.7389185 -453436.734816
35,-453436.7301065,215.92849993612617,323,330,0.5064529600686162,0.6684672245449294,0.7994936794633677,0.8703449509799457,3d gaze,20.422471735489722,-401.14323911333514,2061.1766707362935,-453436.7301065 -453436.724126 -453436.72034450003 -453436.716407 -453436.712953 -453436.7089795 -453436.7050825 -453436.700859 -453436.696574 -453436.69177300006 -453436.68493750005 -453436.680974 -453436.6779 -453436.6748425 -453436.670983 -453436.667135 -453436.6630325 -453436.658936 -453436.65446700004 -453436.650024 -453436.643539 -453436.64001950005 -453436.6359105 -453436.6329485 -453436.62902700005 -453436.62499000004 -453436.6210805 -453436.6170535 -453436.6130265 -453436.6088635 -453436.606702 -453436.598794 -453436.59116400004 -453436.583039 -453436.574387 -453436.567124 -453436.555264 -453436.54717100004 -453436.538971 -453436.522962 -453436.51726500003 -453436.51417800004
36,-453435.63922,80.08400001563132,355,357,0.5278609455757642,0.600844054770056,1.3364858126033423,0.8489216302804871,3d gaze,72.14808552041775,-196.984443437362,1691.8419806279958,-453435.63922 -453435.6331615 -453435.6289845 -453435.6226395 -453435.6184115 -453435.6167005 -453435.613118 -453435.60921200004 -453435.60522450006 -453435.6009775 -453435.59496400005 -453435.591206 -453435.587154 -453435.5831335 -453435.57913950004 -453435.575177 -453435.56713700003 -453435.559136
37,-453435.46886,100.34400003496557,360,363,0.6024281554056978,0.47490097816182436,1.2881884442960747,0.8076372985758604,3d gaze,129.65651891611043,23.61777926249572,824.8477979506443,-453435.46886 -453435.4628935 -453435.4589025 -453435.450396 -453435.4463395 -453435.442497 -453435.4406965 -453435.43713800004 -453435.433143 -453435.426878 -453435.4225965 -453435.41883750004 -453435.415088 -453435.411089 -453435.40709500003 -453435.40314 -453435.39515550004 -453435.391121 -453435.38714450004 -453435.381191 -453435.3762185 -453435.37156550004 -453435.368516
38,-453435.045133,84.12599994335324,374,376,0.525919809452856,0.46048000981319265,1.434929580259084,0.8776429131239689,3d gaze,83.62745301352477,96.79775588567949,2128.7703619195763,-453435.045133 -453435.041183 -453435.037185 -453435.03315200005 -453435.029019 -453435.024892 -453435.0209185 -453435.01706600003 -453435.013104 -453435.00710600003 -453435.00312300003 -453434.9990065 -453434.99489750003 -453434.9909495 -453434.987007 -453434.98307950003 -453434.9751985 -453434.971243 -453434.96718150005 -453434.96100700006
39,-453434.78419050004,155.09850002126768,381,386,0.5249722162229322,0.47774358767437886,0.5485786940492646,0.8436760960516623,3d gaze,79.91106415208732,53.557362412588176,2081.294131672123,-453434.78419050004 -453434.7799795 -453434.77708100004 -453434.7719255 -453434.76797000004 -453434.7650395 -453434.760961 -453434.755064 -453434.751115 -453434.7469885 -453434.7428605 -453434.738993 -453434.73485500005 -453434.7260675 -453434.720783 -453434.71756150003 -453434.71213550004 -453434.7089025 -453434.7049115 -453434.7011035 -453434.6971105 -453434.6930435 -453434.6884415 -453434.684549 -453434.681138 -453434.677065 -453434.6709095 -453434.666782 -453434.66143900005 -453434.65610150003 -453434.6534195 -453434.650738 -453434.64578849997 -453434.640839 -453434.6379975 -453434.6351655 -453434.629092
40,-453434.1889935,91.89750003861263,399,403,0.5751893541137284,0.580320931212021,1.4906546305356223,0.8383109663839605,3d gaze,99.0391626720906,-79.7088715233386,858.1548887807112,-453434.1889935 -453434.1850525 -453434.180899 -453434.176913 -453434.1730645 -453434.16704 -453434.162989 -453434.1590575 -453434.15514200006 -453434.1511005 -453434.1471055 -453434.14311 -453434.1391555 -453434.1350535 -453434.130957 -453434.1270115 -453434.1210645 -453434.116942 -453434.111884 -453434.1079505 -453434.105001 -453434.097096
41,-453434.09302200004,152.37650007475168,403,408,0.5836647222164322,0.5705839092105025,1.1796384398795807,0.8531060055413703,3d gaze,104.9371050621183,-66.42226273183662,815.9603147754102,-453434.09302200004 -453434.0891 -453434.08242700004 -453434.077799 -453434.0732755 -453434.06876 -453434.06593000004 -453434.0631105 -453434.05911400006 -453434.0551025 -453434.0511485 -453434.047214 -453434.041158 -453434.037123 -453434.0329655 -453434.028944 -453434.0245085 -453434.020382 -453434.016328 -453434.0092305 -453434.0045045 -453434.0025485 -453433.99793250003 -453433.9951675 -453433.991157 -453433.9831665 -453433.979183 -453433.9749545 -453433.970726 -453433.966902 -453433.96307349997 -453433.958682 -453433.9525275 -453433.94748950005 -453433.9436425 -453433.94064549997
42,-453433.1391915,216.43550001317635,431,438,0.5603800793662169,0.6846060320427115,0.9370148713252267,0.8509509091526702,3d gaze,86.6970840024767,-198.99486239764659,933.4700329247912,-453433.1391915 -453433.1348025 -453433.1312175 -453433.1271795 -453433.11866649997 -453433.1126045 -453433.107946 -453433.1040545 -453433.10109300003 -453433.097054 -453433.09310399997 -453433.089026 -453433.0850935 -453433.080996 -453433.074944 -453433.07111150003 -453433.067087 -453433.0630985 -453433.05915750004 -453433.055223 -453433.051215 -453433.047226 -453433.043108 -453433.03897600004 -453433.0330255 -453433.029135 -453433.02497350005 -453433.02089000004 -453433.017048 -453433.01317050005 -453433.007739 -453433.0035485 -453433.00067850004 -453432.996799 -453432.99106100004 -453432.98708850006 -453432.983091 -453432.97909300006 -453432.97504150006 -453432.97100500006 -453432.96704950003 -453432.9630905 -453432.95901600004 -453432.954947 -453432.947107 -453432.938938 -453432.931101 -453432.922756
43,-453432.91513700003,169.95550005231053,438,443,0.5506723146722148,0.6848546852511812,1.3892861598384374,0.8303120631772354,3d gaze,85.63582129023008,-235.47468153001256,1104.7687763320178,-453432.91513700003 -453432.903103 -453432.895143 -453432.887119 -453432.879088 -453432.87106800004 -453432.86314800003 -453432.855135 -453432.846875 -453432.82810650003 -453432.82204700005 -453432.8190055 -453432.815101 -453432.81118900003 -453432.8071985 -453432.80321250006 -453432.79915700003 -453432.7951115 -453432.7911455 -453432.78718600003 -453432.7831605 -453432.7770035 -453432.77278650005 -453432.768915 -453432.7649705 -453432.76096600003 -453432.7571565 -453432.75313050003 -453432.749128 -453432.7451815
44,-453432.3910925,84.07849998911843,453,456,0.5313201695277597,0.584433909866823,1.4541815998656769,0.8587025925333329,3d gaze,72.80656516389497,-146.63809218340324,1505.7266541024605,-453432.3910925 -453432.38709950005 -453432.38315700006 -453432.37907550007 -453432.37503500003 -453432.367172 -453432.35514 -453432.34702700004 -453432.33912200003 -453432.331154 -453432.323048 -453432.315184 -453432.307014
45,-453432.02093450003,149.8025000328198,465,470,0.47624965324432245,0.5690264187312675,1.1621313805620797,0.7792272155981889,3d gaze,-426.3955068477144,-865.5628690704251,11057.615373067929,-453432.02093450003 -453432.01716150006 -453432.01317100006 -453432.0078725 -453432.0038255 -453432.00056200003 -453431.99265800003 -453431.98813300004 -453431.983213 -453431.97918100003 -453431.97514700005 -453431.971122 -453431.96715150005 -453431.9631635 -453431.95909150003 -453431.955034 -453431.949832 -453431.9458455 -453431.9395165 -453431.936654 -453431.931847 -453431.92822800006 -453431.925134 -453431.92036600003 -453431.916399 -453431.9132005 -453431.9091095 -453431.90492 -453431.899004 -453431.8951755 -453431.89116450003 -453431.887171 -453431.883207 -453431.879243 -453431.87519000005 -453431.8711345 -453431.871132
46,-453431.826855,83.71999999508262,471,473,0.4401657963909036,0.5497769659972035,1.3141897551231314,0.8047972902401844,3d gaze,-577.412661680415,-360.2827995536015,6268.2980795038375,-453431.826855 -453431.819139 -453431.811181 -453431.80248300004 -453431.794979 -453431.787173 -453431.779186 -453431.767118 -453431.75879 -453431.751071 -453431.743135
47,-453431.2543445,81.1725000385195,488,490,0.5416763053567615,0.5287181625565385,1.4313689669868146,0.8419627602044085,3d gaze,79.98302796318252,-41.24984657712989,1249.6204819689253,-453431.2543445 -453431.25130500004 -453431.2481185 -453431.2441905 -453431.2412335 -453431.237166 -453431.23302000004 -453431.2270305 -453431.2230955 -453431.218676 -453431.21426200005 -453431.210727 -453431.20719900005 -453431.2031355 -453431.1990745 -453431.1946695 -453431.1902655 -453431.18464900006 -453431.1810495 -453431.1770675 -453431.173172
48,-453431.16922599997,218.06399995693937,490,497,0.5430927774143369,0.546070732116447,1.1427708022863934,0.8071888719338103,3d gaze,78.50919589521561,-63.063052223959616,1185.7899299683174,-453431.16922599997 -453431.165057 -453431.1609745 -453431.15682050004 -453431.152856 -453431.14910150005 -453431.142444 -453431.137806 -453431.134482 -453431.13117 -453431.1271805 -453431.1231895 -453431.119154 -453431.11512800003 -453431.11117200006 -453431.107128 -453431.10113100003 -453431.09719 -453431.0931985 -453431.0875665 -453431.083553 -453431.08056649996 -453431.075768 -453431.0706025 -453431.067127 -453431.061789 -453431.0558795 -453431.053568 -453431.0495825 -453431.0468095 -453431.0429845 -453431.039155 -453431.0351625 -453431.031175 -453431.027029 -453431.022883 -453431.01492600003 -453431.00865750003 -453431.00497650006 -453431.0008885 -453430.99699300004 -453430.993163 -453430.9887355 -453430.98446149996 -453430.980694 -453430.9744065 -453430.97001349996 -453430.966542 -453430.9630785 -453430.9590875 -453430.95510150003 -453430.951162
49,-453430.9472235,88.40999996755272,497,500,0.5338628588681398,0.5517735958871426,0.9151034687389231,0.8203255095301804,3d gaze,75.77589635634645,-87.85062026851428,1471.7539825075253,-453430.9472235 -453430.94322899997 -453430.9392345 -453430.9345525 -453430.92819350003 -453430.924795 -453430.921003 -453430.91698650003 -453430.9128375 -453430.9088655 -453430.9051095 -453430.90096450003 -453430.8968905 -453430.8897015 -453430.884433 -453430.881698 -453430.8789675 -453430.8742675 -453430.8699225 -453430.86603050004 -453430.862542 -453430.85881350003
50,-453430.519179,84.03199998429045,510,512,0.49024277324442533,0.6131151637636962,1.4715942410200067,0.855372410223861,3d gaze,-60.77448726819484,-515.7641024739881,3958.6594601493093,-453430.519179 -453430.51312300004 -453430.50913300004 -453430.5051245 -453430.5011845 -453430.497129 -453430.49314150005 -453430.4885035 -453430.48385250004 -453430.48039350007 -453430.47566500003 -453430.4697755 -453430.467096 -453430.467095 -453430.45877 -453430.45116 -453430.44322300004 -453430.435147
51,-453430.019053,97.83350001089275,525,528,0.48158801743905144,0.5565379033970067,1.4699275824475824,0.7579123921642185,3d gaze,-117.37025044838761,-257.3763209732101,3947.5037593449247,-453430.019053 -453430.0151445 -453430.00896500004 -453430.0047095 -453429.9969535 -453429.9930905 -453429.9891305 -453429.985196 -453429.98120000004 -453429.9771285 -453429.9731355 -453429.9671105 -453429.96307249996 -453429.9589965 -453429.9549685 -453429.94944700005 -453429.94394100003 -453429.941287 -453429.938635 -453429.9348655 -453429.931094 -453429.9271495 -453429.9212195
52,-453429.9171485,217.9554999456741,528,534,0.4929389485402816,0.5650457320375479,1.3131555060553866,0.776765574944864,3d gaze,-36.81312023298779,-236.36708060941396,3178.074651744762,-453429.9171485 -453429.912948 -453429.9088455 -453429.904937 -453429.90084950003 -453429.89674800006 -453429.892782 -453429.88893749996 -453429.8831215 -453429.879114 -453429.879107 -453429.869507 -453429.854817 -453429.8509275 -453429.8468305 -453429.84265450004 -453429.83672550006 -453429.83497200004 -453429.820615 -453429.8166735 -453429.8126685 -453429.808816 -453429.8047715 -453429.7990605 -453429.7950735 -453429.79113300005 -453429.787215 -453429.7826415 -453429.7780735 -453429.773819 -453429.769587 -453429.7663695 -453429.76317050005 -453429.75706900004 -453429.75300749997 -453429.74901150004 -453429.74508100003 -453429.74109350005 -453429.73708800005 -453429.7331675 -453429.7279575 -453429.72389250004 -453429.720822 -453429.714823 -453429.7111145 -453429.707134 -453429.7031735 -453429.69919300004
53,-453429.6952195,88.0345000186935,535,537,0.49695817144285154,0.5699638444948725,0.5165254956841292,0.7705066786590203,3d gaze,-11.09594942016516,-190.48240396171883,2359.2014979904293,-453429.6952195 -453429.6907575 -453429.6863015 -453429.6827455 -453429.67919 -453429.6737405 -453429.667741 -453429.66503050004 -453429.661004 -453429.657053 -453429.65307 -453429.64919550007 -453429.6451615 -453429.6351445 -453429.6311625 -453429.62717600004 -453429.6231835 -453429.6191995 -453429.6151815 -453429.6111635 -453429.607185
54,-453429.02319700003,100.01400002511218,554,558,0.6074632249764405,0.5626190867463898,1.2330856058138164,0.9739079035451196,3d gaze,132.41068374781992,-57.86633106155624,800.3312623880279,-453429.02319700003 -453429.0132 -453429.00696 -453428.995124 -453428.98717000004 -453428.979102 -453428.971173 -453428.96321200003 -453428.955045 -453428.946978 -453428.939206 -453428.931094 -453428.923183
55,-453428.791754,147.7599999634549,561,566,0.591989401561963,0.5389257758095535,1.4904752929698493,0.8479920888376734,3d gaze,118.62773468622758,-37.589345632278246,837.2947592750521,-453428.791754 -453428.78752600006 -453428.7844605 -453428.780456 -453428.7751215 -453428.77115 -453428.7664275 -453428.7624865 -453428.7583735 -453428.7550315 -453428.74824600003 -453428.744357 -453428.74017700006 -453428.7370045 -453428.73295700003 -453428.7289005 -453428.7251135 -453428.7212055 -453428.717128 -453428.71256300004 -453428.7064435 -453428.7028265 -453428.698975 -453428.6951415 -453428.6911625 -453428.687225 -453428.68013700005 -453428.671694 -453428.66915950004 -453428.6605495 -453428.64971100003 -453428.64584350004 -453428.64399400004
56,-453428.06832,95.19900003215298,582,584,0.46294619156837774,0.5464993999394342,1.3981360857501124,0.8300253079794021,3d gaze,316.89534446649316,313.82739449195026,-5718.706083668941,-453428.06832 -453428.0650995 -453428.06102100003 -453428.05706200004 -453428.053176 -453428.04920500005 -453428.0452195 -453428.04120950005 -453428.0351955 -453428.031187 -453428.0271805 -453428.0231495 -453428.01847500005 -453428.013824 -453428.0105305 -453428.007238 -453428.00326 -453427.999282 -453427.9952425 -453427.989179 -453427.985184 -453427.9811965 -453427.977147 -453427.973121
57,-453427.72907550004,95.91800003545359,590,593,0.45258899255046353,0.562007836428702,0.7192477319462244,0.7460850810565554,3d gaze,680.8143789487864,672.0899649029493,-9271.185058356974,-453427.72907550004 -453427.7247525 -453427.7208305 -453427.717136 -453427.7127355 -453427.7027565 -453427.6992235 -453427.6952195 -453427.6912145 -453427.687218 -453427.683191 -453427.6791675 -453427.6751945 -453427.671225 -453427.667251 -453427.6632775 -453427.65721 -453427.6531835 -453427.64914650004 -453427.64514700003 -453427.6372015 -453427.6331575
58,-453427.443157,84.16299999225885,599,602,0.605989683178768,0.4840649900727227,0.6812921303274605,0.90936548310125,3d gaze,100.24138802621452,11.302441588487943,614.2945546505696,-453427.443157 -453427.435224 -453427.42723000003 -453427.41921200004 -453427.41124700004 -453427.397497 -453427.389562 -453427.383049 -453427.374849 -453427.367178 -453427.358994
59,-453427.22549650003,142.27950002532452,605,610,0.5702376520286881,0.48657837535333087,1.4963034973155966,0.8276690127208427,3d gaze,102.32816030236201,14.40026300455103,947.3144926468491,-453427.22549650003 -453427.2234315 -453427.2192015 -453427.2166835 -453427.2128875 -453427.20899149997 -453427.2050765 -453427.200847 -453427.1949005 -453427.19116150006 -453427.18591750006 -453427.18060150003 -453427.1778395 -453427.1751545 -453427.1711875 -453427.1672285 -453427.16301899997 -453427.158821 -453427.154978 -453427.149142 -453427.1442475 -453427.1402555 -453427.13710000005 -453427.132688 -453427.12872150005 -453427.1251355 -453427.1210185 -453427.1170325 -453427.111111 -453427.1070585 -453427.1027725 -453427.09851000004 -453427.09486 -453427.09121600003 -453427.08721350005 -453427.083217
60,-453426.939056,217.95399993425235,614,620,0.5942949951432914,0.4736841913926077,0.58864109206363,0.8392504787253915,3d gaze,114.36567112816539,23.943833782459915,787.8534034893325,-453426.939056 -453426.9351595 -453426.93111450004 -453426.9271435 -453426.923168 -453426.9192075 -453426.9112195 -453426.9071845 -453426.90117850003 -453426.8950265 -453426.89287800004 -453426.88887250004 -453426.8814065 -453426.87591350003 -453426.873941 -453426.8716195 -453426.869219 -453426.86518 -453426.85918150004 -453426.855203 -453426.851182 -453426.84716750006 -453426.84313500003 -453426.839121 -453426.8351075 -453426.831124 -453426.8270935 -453426.823087 -453426.817029 -453426.813059 -453426.80908649997 -453426.80522650003 -453426.801242 -453426.79656000005 -453426.791731 -453426.7846295 -453426.7796575 -453426.7779805 -453426.773758 -453426.7710025 -453426.7660675 -453426.7613075 -453426.757942 -453426.7545875 -453426.7508475 -453426.74711500003 -453426.74314250005 -453426.7391745 -453426.7350165 -453426.72899850004 -453426.72508650005 -453426.72110200004
61,-453426.7171605,160.2189999539405,620,625,0.5946446426963344,0.4733790370773068,0.7191543983944358,0.8441082301397259,3d gaze,112.96891474267083,23.861244060755922,775.496143121852,-453426.7171605 -453426.713163 -453426.70891449996 -453426.7048765 -453426.701091 -453426.69541650004 -453426.68948000006 -453426.687142 -453426.6831545 -453426.679238 -453426.67524250003 -453426.671248 -453426.666695 -453426.662142 -453426.65755400003 -453426.65296700003 -453426.6480655 -453426.64442100003 -453426.64081500005 -453426.6366775 -453426.63267900003 -453426.6288515 -453426.6251545 -453426.621041 -453426.61701549997 -453426.613089 -453426.60716300004 -453426.60318850004 -453426.599156 -453426.595158 -453426.5910005 -453426.586865 -453426.5829885 -453426.5791155 -453426.57511900004 -453426.57113000005 -453426.5671255 -453426.5610185 -453426.55694150005
62,-453426.55009800004,90.98900004755706,626,628,0.5966146520722695,0.5107793965586894,0.3550492435620486,0.8546713235607593,3d gaze,106.23577230216056,-8.889746948652038,714.201250070716,-453426.55009800004 -453426.543122 -453426.53508400003 -453426.527175 -453426.519193 -453426.51117400004 -453426.503136 -453426.49307900004 -453426.487143 -453426.47417 -453426.467071 -453426.459109
63,-453426.43645549996,219.9274999438785,629,635,0.5920517154381061,0.4774967789708152,0.4166115244894822,0.8464252572401442,3d gaze,112.09063385805938,20.547327474485513,791.106647993109,-453426.43645549996 -453426.432443 -453426.42839250003 -453426.42590000003 -453426.4219195 -453426.41911849997 -453426.41418049997 -453426.40923750005 -453426.40623150003 -453426.403223 -453426.395424 -453426.390833 -453426.38723500003 -453426.38414700003 -453426.380276 -453426.3768535 -453426.372642 -453426.368894 -453426.36164899997 -453426.3561885 -453426.35341650003 -453426.35020600003 -453426.346465 -453426.34317300003 -453426.339144 -453426.335115 -453426.3311385 -453426.3271865 -453426.3231345 -453426.319107 -453426.3128335 -453426.30635800003 -453426.30404099997 -453426.300514 -453426.29579 -453426.291797 -453426.28905950004 -453426.284961 -453426.280732 -453426.2768135 -453426.271141 -453426.2672 -453426.26109549997 -453426.25498900004 -453426.251531 -453426.248313 -453426.2450095 -453426.2419545 -453426.238558 -453426.23517700005 -453426.2291765 -453426.223478 -453426.220859 -453426.216528
64,-453426.21279500006,217.68850006628782,636,642,0.5905306546738984,0.4826293483590362,0.6653950035910787,0.8491951611846738,3d gaze,115.450151183263,16.56876376995138,828.7270050071648,-453426.21279500006 -453426.20848050003 -453426.204382 -453426.2008585 -453426.197002 -453426.1930825 -453426.187086 -453426.18316350004 -453426.179074 -453426.1749885 -453426.171097 -453426.16718850005 -453426.16318400006 -453426.15919400007 -453426.15513850003 -453426.1510855 -453426.14702200005 -453426.140914 -453426.13687150006 -453426.1329955 -453426.1291405 -453426.1250895 -453426.12087750004 -453426.1168805 -453426.113014 -453426.108689 -453426.102789 -453426.099222 -453426.095058 -453426.09091250005 -453426.08623350004 -453426.0815315 -453426.0778155 -453426.07279999997 -453426.06830000004 -453426.065117 -453426.06212450005 -453426.0571295 -453426.052778 -453426.0482695 -453426.0445385 -453426.0402245 -453426.03631600004 -453426.031155 -453426.02613400004 -453426.0240215 -453426.0189655 -453426.015 -453426.011069 -453426.007143 -453426.003151 -453425.99916500004 -453425.9951065
65,-453425.99107,217.96999999787658,642,649,0.5861350030332104,0.48778692942976815,0.6248166596237857,0.8573035518608058,3d gaze,115.25339572815378,12.242457986763272,869.3837815115646,-453425.99107 -453425.986897 -453425.9829105 -453425.9756835 -453425.9679035 -453425.96514700004 -453425.96103 -453425.95694350003 -453425.95291 -453425.9463615 -453425.94177700003 -453425.938374 -453425.93302650005 -453425.9304835 -453425.92654400005 -453425.92314850003 -453425.918536 -453425.91394450003 -453425.90813450003 -453425.9023455 -453425.8992475 -453425.895149 -453425.89066050004 -453425.88822950004 -453425.88511699997 -453425.880778 -453425.87664050004 -453425.87296 -453425.869138 -453425.865061 -453425.8600755 -453425.8561215 -453425.85106300004 -453425.8470325 -453425.84309 -453425.839157 -453425.835142 -453425.83111050003 -453425.8270965 -453425.823128 -453425.81910100003 -453425.815102 -453425.809149 -453425.805132 -453425.8010205 -453425.79686750006 -453425.79288900003 -453425.78896000003 -453425.78490050003 -453425.780927 -453425.7771205 -453425.7731
66,-453425.7671165,217.95699995709583,649,656,0.5801230963217959,0.4922010583139058,0.8504111449830173,0.8271252898308947,3d gaze,113.87380727244602,8.281652792938967,923.9923990946728,-453425.7671165 -453425.7631875 -453425.759153 -453425.75513000006 -453425.751165 -453425.7472115 -453425.743077 -453425.73894300003 -453425.73510600004 -453425.73126850004 -453425.72723200003 -453425.72106450005 -453425.717004 -453425.71313050005 -453425.70753550006 -453425.7035195 -453425.70100500004 -453425.69640950003 -453425.692151 -453425.6887395 -453425.683061 -453425.67898150004 -453425.674759 -453425.6704625 -453425.66662750003 -453425.6628735 -453425.65894550004 -453425.6550295 -453425.65101500007 -453425.64700600004 -453425.64303850004 -453425.63687600003 -453425.632821 -453425.628846 -453425.62482350005 -453425.621019 -453425.6169505 -453425.612932 -453425.609083 -453425.6051265 -453425.599173 -453425.59517600003 -453425.5910625 -453425.58695150004 -453425.5830585 -453425.5791645 -453425.57516400004 -453425.57115850004 -453425.56718300004 -453425.563214 -453425.55917400005 -453425.55316550005 -453425.54915950005
67,-453424.991182,83.95900001050904,672,675,0.5235252231377913,0.4837290294672021,1.4906102362986133,0.8633594555279817,3d gaze,148.02383715687327,76.78747239060591,4086.938310366964,-453424.991182 -453424.98317 -453424.97302800004 -453424.96317 -453424.955089 -453424.947103 -453424.939257 -453424.931156 -453424.923173 -453424.915166 -453424.907223
68,-453424.885436,96.52550000464544,676,679,0.5435794481483687,0.46030408808336015,0.6362732618640591,0.8956910326670393,3d gaze,114.62719505306319,78.37254061175098,1709.1832163761233,-453424.885436 -453424.8795555 -453424.87318 -453424.869033 -453424.86513000005 -453424.857099 -453424.8531325 -453424.8473455 -453424.841291 -453424.8389285 -453424.8350545 -453424.8312085 -453424.827145 -453424.8230965 -453424.8191635 -453424.81523 -453424.81120550004 -453424.8071805 -453424.8007885 -453424.796633 -453424.792759 -453424.7889105
69,-453424.65805950004,112.9685000050813,682,686,0.5078458167357363,0.46084050098504525,1.3037770415945025,0.8111766996149805,3d gaze,37.62786458790395,151.26537974947132,3342.8760804271187,-453424.65805950004 -453424.64618599997 -453424.643211 -453424.63916849997 -453424.631124 -453424.6250605 -453424.620973 -453424.61678150005 -453424.6129355 -453424.6086835 -453424.60470050003 -453424.60115550004 -453424.59692000004 -453424.590856 -453424.5869745 -453424.57899 -453424.5750705 -453424.57100500003 -453424.5625905 -453424.5579775 -453424.5541815 -453424.548633 -453424.54509100004
70,-453424.087087,84.46400001412258,700,703,0.4900219202609296,0.545724448777467,1.4914488463942226,0.8757946164149606,3d gaze,-71.68645301061997,-235.19137889324875,4533.303986707469,-453424.087087 -453424.08306850004 -453424.07915400004 -453424.0752495 -453424.0712135 -453424.067146 -453424.06298100005 -453424.058872 -453424.05504300003 -453424.0512235 -453424.0448695 -453424.0408545 -453424.0348235 -453424.0310645 -453424.028308 -453424.02434550005 -453424.01712850004 -453424.0116635 -453424.0086235 -453424.002623
71,-453423.99917,218.17249996820465,703,709,0.4850078747957697,0.5241508117273314,1.1047658375653115,0.8736794711620766,3d gaze,-163.9614088276285,-193.74573009932925,7024.830292523664,-453423.99917 -453423.99521 -453423.991251 -453423.9871745 -453423.9831035 -453423.9791705 -453423.975242 -453423.971149 -453423.96704350004 -453423.96092650003 -453423.9568685 -453423.9525835 -453423.94846850005 -453423.94481950003 -453423.94080700004 -453423.9368215 -453423.9329915 -453423.9287505 -453423.92483100004 -453423.91912850004 -453423.91518 -453423.91113300005 -453423.90709700005 -453423.90312150004 -453423.8991435 -453423.89508000005 -453423.89098050003 -453423.88708400005 -453423.883229 -453423.87913600006 -453423.87288100005 -453423.86876 -453423.86478400003 -453423.859774 -453423.85591700004 -453423.85228700005 -453423.8483385 -453423.8451125 -453423.841035 -453423.835026 -453423.83107149997 -453423.827061 -453423.82307449996 -453423.81911599997 -453423.815177 -453423.811171 -453423.807181 -453423.80307300005 -453423.7989535 -453423.7950415 -453423.78916499997 -453423.7851005 -453423.78099750006
72,-453423.593142,82.04000000841916,714,717,0.46465876380700577,0.5701567733332382,0.9456246219851399,0.7888722659452562,3d gaze,-983.4109371827062,-1466.7677201351485,18195.30865890679,-453423.593142 -453423.5891815 -453423.5831085 -453423.57905249996 -453423.574993 -453423.57093000005 -453423.5670395 -453423.56316 -453423.55897300004 -453423.5547745 -453423.55097 -453423.547193 -453423.5431535 -453423.5368755 -453423.5328235 -453423.5287285 -453423.524632 -453423.5210025 -453423.51917600003 -453423.511102
73,-453423.03281400003,103.68200001539662,731,735,0.5407369330396644,0.6374906561645687,1.4880590939621205,0.8204392140233531,3d gaze,65.26750787803218,-165.3172255340197,1041.5190702589296,-453423.03281400003 -453423.02873200004 -453423.024811 -453423.02076800005 -453423.01704350003 -453423.01315 -453423.00916350004 -453423.004933 -453423.000807 -453422.99506900006 -453422.99124500004 -453422.987205 -453422.983166 -453422.979192 -453422.9752205 -453422.971177 -453422.96713400004 -453422.96317350003 -453422.9592105 -453422.95504000003 -453422.94893250003 -453422.94459800003 -453422.94056250004 -453422.93681800005 -453422.932916 -453422.929132
74,-453422.9250885,172.1065000165254,735,740,0.5386418556391245,0.6374940237143856,1.4323863532283914,0.8715403423154024,3d gaze,67.93927635104636,-183.21489417822218,1155.3133668399219,-453422.9250885 -453422.921052 -453422.91715750005 -453422.91122 -453422.907199 -453422.90223450004 -453422.897274 -453422.894078 -453422.8908785 -453422.887049 -453422.8832265 -453422.8790285 -453422.874832 -453422.871033 -453422.865173 -453422.8611185 -453422.8571835 -453422.85317450005 -453422.84823600005 -453422.8442235 -453422.841164 -453422.83724150003 -453422.8332135 -453422.8271345 -453422.82308 -453422.81887950003 -453422.814679 -453422.81086850003 -453422.806683 -453422.80275699997 -453422.7992085 -453422.79518 -453422.791143 -453422.78509 -453422.78101599996 -453422.777104 -453422.773094 -453422.766754 -453422.762444 -453422.7596135 -453422.755837 -453422.752982
75,-453422.7488455,147.6484999875538,740,744,0.5251588477860316,0.6304461027971299,1.3286851192660838,0.8563493520826638,3d gaze,49.58755285565074,-193.97955946969483,1288.8338562989827,-453422.7488455 -453422.7428615 -453422.73913550004 -453422.7351315 -453422.73113800003 -453422.727003 -453422.72286800004 -453422.719017 -453422.7151705 -453422.71115950006 -453422.70715100004 -453422.703019 -453422.6970125 -453422.6902245 -453422.68526349997 -453422.681753 -453422.67832350003 -453422.67460200004 -453422.67247700004 -453422.668932 -453422.664952 -453422.65909100004 -453422.6552205 -453422.651232 -453422.6472535 -453422.643237 -453422.6392215 -453422.6317585 -453422.624296 -453422.6214825 -453422.618715 -453422.61486900004 -453422.61280800006 -453422.60915200005 -453422.6052415 -453422.601197
76,-453422.051051,114.61799999233335,761,764,0.5131328359279473,0.5491776044292457,1.4751504973115552,0.8194101656830264,3d gaze,41.1927845457801,-119.22564000800011,2101.2261356621607,-453422.051051 -453422.0470755 -453422.0431555 -453422.0391795 -453422.0310045 -453422.0249965 -453422.021158 -453422.017118 -453422.0131515 -453422.00916700007 -453422.0050785 -453422.0010925 -453421.997057 -453421.99261950003 -453421.98671900004 -453421.98312750005 -453421.978125 -453421.973148 -453421.9701505 -453421.9671575 -453421.9630105 -453421.958889 -453421.95499500004 -453421.951152 -453421.9446535 -453421.938234 -453421.936433
77,-453421.8350795,103.9249999448657,768,770,0.47891732025884665,0.5210483482747643,1.207748486465884,0.7681642447658761,3d gaze,-215.23058334405184,-153.2443671283492,6583.237822262728,-453421.8350795 -453421.83199900005 -453421.8288775 -453421.82510250004 -453421.81892600004 -453421.8146945 -453421.8067445 -453421.802688 -453421.798904 -453421.79360900004 -453421.7884225 -453421.7857845 -453421.78315100004 -453421.7771295 -453421.7731555 -453421.7690945 -453421.7650325 -453421.76079850004 -453421.756788 -453421.752172 -453421.7482695 -453421.7450145 -453421.7409495 -453421.73508400004 -453421.73115450004
78,-453421.72317400004,122.54700006451458,770,774,0.4857047086417284,0.5552536624748278,1.4642961485288297,0.7974047624579508,3d gaze,-171.71342185221712,-487.2195769942309,7591.873522373025,-453421.72317400004 -453421.715171 -453421.70704400004 -453421.698991 -453421.68673 -453421.67280400003 -453421.668079 -453421.661225 -453421.654883 -453421.647098 -453421.639212 -453421.631131 -453421.62326900003 -453421.605721 -453421.600627
79,-453421.596672,114.16450003162026,774,778,0.5042528572593511,0.5572218975564782,1.4826816765655824,0.8501268723982579,3d gaze,14.468347795618866,-171.75815040523247,2625.477230255131,-453421.596672 -453421.593045 -453421.588936 -453421.58429450006 -453421.5754125 -453421.569113 -453421.56722050003 -453421.5642725 -453421.5629525 -453421.55899150006 -453421.5552075 -453421.55119400006 -453421.547192 -453421.5431925 -453421.539202 -453421.53509500006 -453421.53098800004 -453421.52710450004 -453421.52115700004 -453421.51695200003 -453421.51297000004 -453421.50914750004 -453421.5051685 -453421.499303 -453421.495285 -453421.4929155 -453421.48890600004 -453421.4825075
80,-453421.027134,86.88349998556077,792,794,0.5103078565913447,0.5639853115285894,1.4037175508137922,0.7895210940785449,3d gaze,37.28761506064538,-179.33750492791506,2431.925200775394,-453421.027134 -453421.02317349997 -453421.017161 -453421.0129665 -453421.008809 -453421.004079 -453420.99990399997 -453420.994805 -453420.990629 -453420.9880625 -453420.9845845 -453420.9791135 -453420.9750935 -453420.971116 -453420.967133 -453420.96045450005 -453420.95375650004 -453420.94996700005 -453420.9462085 -453420.94372900005 -453420.9402505
81,-453420.9351855,216.10399999190122,794,801,0.5081432810022277,0.5678425810602733,1.26732732223785,0.8463708588947154,3d gaze,32.02542625995179,-207.97237892152475,2665.181592838654,-453420.9351855 -453420.93195 -453420.9287105 -453420.9247285 -453420.92109950003 -453420.917026 -453420.9123835 -453420.908332 -453420.90498700005 -453420.90110350004 -453420.894955 -453420.8907635 -453420.886766 -453420.882753 -453420.878739 -453420.87473050004 -453420.8709565 -453420.8671945 -453420.8631525 -453420.859111 -453420.854926 -453420.84895650006 -453420.84506200004 -453420.84091050003 -453420.8367505 -453420.8303245 -453420.8259955 -453420.82173150004 -453420.81784400006 -453420.81220300007 -453420.80903500004 -453420.80548800004 -453420.8016055 -453420.799152 -453420.79484550003 -453420.790539 -453420.786848 -453420.7831605 -453420.7789065 -453420.774627 -453420.768874 -453420.76512750005 -453420.7611225 -453420.756919 -453420.75266550004 -453420.748862 -453420.7440545 -453420.739969 -453420.73504400003 -453420.7309645 -453420.7269885 -453420.7231625 -453420.7190815
82,-453420.71500900004,150.14100004918873,801,805,0.5163227049691205,0.5711530212651367,1.1244522052956818,0.8164440934943057,3d gaze,52.162839092466434,-172.22546711415472,2098.6824254550957,-453420.71500900004 -453420.71019400004 -453420.7051615 -453420.70189150004 -453420.69884950004 -453420.6949745 -453420.691123 -453420.687163 -453420.68076600006 -453420.6766695 -453420.6729935 -453420.6685385 -453420.664568 -453420.658263 -453420.65344400005 -453420.649166 -453420.644953 -453420.642044 -453420.639141 -453420.635182 -453420.6312225 -453420.625743 -453420.620264 -453420.617694 -453420.615124 -453420.611008 -453420.6065045 -453420.599862 -453420.5935055 -453420.59045 -453420.58731 -453420.584945 -453420.580719 -453420.5768975 -453420.5731715 -453420.56895950006 -453420.564868
